{"qsezs5Dv/GnrNyDBGPBD1A==":"step1-240x80.png","0qGf2xTwn0CidBTAtDGV0w==":"surfe1-640x280.png","L33hXhPwy7rxE7CzX/jR4A==":"surfe2-640x380.png","ks9/ga5Jket5jLASyc/nmw==":"step2-240x80.png","jmWRrrC+sRO7znBN4xi1cw==":"screen%20shot%202020-02-09%20at%201.18.44%20am-607x248.png","kRk34sq1UwukKSv+uAg7pQ==":"step3-240x80.png","M6xsEgMmwDCD64It6SQ4IQ==":"screen%20shot%202020-02-09%20at%2012.40.41%20am-426x72.png","E9bH7v3DivnAp+qc/tinJw==":"screen%20shot%202020-02-09%20at%2012.34.21%20am-1214x420.png","U27dPUdOqeHX79ExuO2ewg==":"serfbux.gif","x38xTBCfk9dBdTiFv5zGeA==":"serfbux.png","Gx8sRbtjmCc7LWN/+2VdIA==":"gramfree-993x709.png","5bLZUgX+VK8vgrp2z0X4fQ==":"serfbux_fotor-1000x700.jpg","ZXryyLE97kIpI42ns+eeow==":"wintub%20copy-540x281.png","ZJjVXGkhpH4AW1rzo7mqmA==":"wintub%20copy-2-1000x700.png","3cljGqBrV6phzKB0ePifmA==":"freemining-2-1000x700.png","sZdLI3g4sUk3Sp9zqe9QuA==":"hero-banner_fotor-1000x700.png","s2TwL49+L6+0KVlFTR7jIw==":"miner_sm-2-1000x700.jpg","HU6x73EHYZmgyfSrn+fBrQ==":"starclicks_fotor-1000x700.png","o/c097Eu/c5T/Ck8NZnzMA==":"adsclaimer-2-1000x700.jpg","taghyABCb8VXy6/YQ7l+Qw==":"btc_fotor-802x276.jpg","ibWnRdXKR3LID+n5h1sKjw==":"btc_fotor-1000x700.jpg","l36GKf9aIgWR3yUN2wZvJA==":"mbr-1920x1280.jpg","ZZV+WY5wrQJLusFAid0Uzw==":"bg2.jpeg","7mRrsYWnalAUA/qhXSj0iA==":"serfbux-1000x700.png","Pf9eWcda/nmQPfbDLJXaSQ==":"gramfree-1000x700.png","RI1qvhf/FB0+KUymCXvuPw==":"wintub-1000x700.png","C3hW8ZL59sBN8povqCq0oQ==":"freemining-1000x700.png","lVrrJOGIJFlaon1GTEPLUQ==":"powerj-1000x700.png","k/OEWxV7cjUue1M7a/AHNQ==":"btcforlife-1000x700.png","gm5oAyw14e5vYNALi9t2dA==":"starclicks-1000x700.png","E37I/T/KYPz7YY5UFyYfdw==":"adsclaimer-1000x700.png","hqA2bcxwex9o0WWDyaxQCQ==":"dualmine-1000x700.png","5zWCS1ndYJzqYaiJV+Vi6A==":"gpumining-1000x700.png","me69m4V/zK/8nbK/nqqNAg==":"ytverts-1000x700.png","77WTCoqwLbCjlC7N0qV8cA==":"bestchange-1000x700.png","OAUVHQxcr0oEG6NO623d2A==":"ernsurf-1000x700.png","XicdOksmMA9ui4OPbXddAg==":"minercoin-1000x700.png","Ie2eEmxnp4MimoWarSkeNg==":"surfebe-1000x700.png","xT066vPZi4/E6p6Oc9ghVQ==":"clicksgenie-1000x700.png","IarpSv7R6/j3ZkfWjESMSg==":"ronex-1000x700.png","v9axkGpyxN22Eg/lHDNsUw==":"cryptoplace-1000x700.png","TEM+lgQuECCBZc1DilOwXA==":"mastercoin-1000x700.png","YQoxjujURFd9RVZCaaFMqw==":"bitland-1000x700.png","Sdu680rO/gS8QLyy5aVFCg==":"mininglabs-1000x700.png","7APqZyujzHE9cXS9nCEF4w==":"bitshark-1000x700.png","7PlLW4aSt8bhslQASABWmw==":"bestbonus-1000x700.png","p1H4VhNHQPXr09QCMh4nQw==":"spotverts-125x125.png","3koutYUn5x5hLOBwIp6idQ==":"indigocoin.gif","bFRLlVl2SeOs6ehL/+G03g==":"startminer-leaderboard-256.gif","PBizn6P5qCkpplwQkQ6s3Q==":"startminer-1000x700.png","7UBYFaSDfpQ6y2OpJpsqqg==":"slevideon-1000x700.png","hedPwZC528evTya/rZK47g==":"screen%20shot%202020-06-13%20at%206.04.07%20pm-663x183.png","V/n19Rfhy3qMtEfzfkOK/g==":"screen%20shot%202020-06-13%20at%206.04.28%20pm-636x282.png","ZnmgvkjF3wl2+ubaBuL8gg==":"screen%20shot%202020-06-13%20at%206.44.55%20pm-180x46.png","5qcpS89OXqCei3agLk6ZMA==":"leadsleap-reviews-640x386.jpg","+sUvq1AsFKk9/7x2R65pjg==":"paid-to-click-ads-leadsleap-640x327.jpg","m+A2eKHw9E6M/yvz/I0Knw==":"daily-active-bonus-get-cash-640x344.jpg","8yFHeVNV+/D2CcCEwh7RIw==":"earn-money-online-leadsleap%20-640x318.jpg","tYXKjB13Ip9x+HpQxQOurg==":"how-to-earn-money-from-home.gif","HqwZ4LY8Ee7m0EgiwIBnhw==":"how-to-earn-money-from-home-leadsleap-640x371.jpg","AROwZLAQUOPDmtjO+I2PWg==":"ideas-to-make-money-leadsleap-640x285.jpg","fx3VnS5gALWEP6DRbYb5BQ==":"blogger-seo-traffic-leadsleap-640x275.jpg","JzZ1QwF9ZpJyDp5C9zonMA==":"creative-ways-to-make-money-leadsleap-320x191.jpg","sBiw7ALMwTCgZLiVY4UIAg==":"how-does-pay-per-click-work-leadsleap-640x250.jpg","kZ6/oesw6Pq9ZfvALJmpVQ==":"blogger-html-leadsleap-640x149.jpg","dTucJHMqa4Lc1NWYhh+e7w==":"affiliate-marketing-for-beginners-leadsleap-640x303.jpg","PdSwOLEMKGlA5wyoi07H0A==":"lead-generation-tools-leadsleap-640x384.jpg","o1d14VlNkeNV3YLWT8kv3g==":"lead-generation-business-640x373.jpg","IHdjWMhcUbViDW2Z88dY6A==":"lead-generation-strategies-leadsleap-640x320.jpg","Fcf5RZkKr7MWx8q5xcyJhA==":"affilate-link-tracker-leadsleap.gif","jzV4AqXkqunWAdNwoqHnfg==":"bitly-link-tracker-leadsleap.gif","GCHrt88OibysmPY/8dPOAA==":"how-to-increase-organic-traffic-leadsleap-640x295.jpg","qaH3VG+0g8tmow8ErztALw==":"daily-unique-visitors-leadsleap-640x342.jpg","ZxpNkp/mtRjE3N07FMZyig==":"google-analytics-unique-user-leadsleap-640x248.jpg","S+fP/NpD/mcrzo4JKUrEYw==":"drive-organic-traffic-to-your-website-leadsleap-1-640x166.jpg","lJOgmcbcjDGF41+/SxcqZg==":"best-pop-up-tools-leadsleap.gif","mC3Xs+L9jLv3gYfVgMa1FA==":"list-builder-maker-leadsleap.gif","P0ADKtrBY9g4Jxjo+Z9s7A==":"leadsleap-1000x700.png","WTGn7MUlCyZIlAf/r54I5w==":"1signupaday2.1-378x369.png","mh8delW7NEtAudEAtnpyFg==":"freemining2-1000x700.png","vlWtJLQo31xk3h3Du8XjyA==":"btc-500x376.png","JtT9opPPnsx/YFzWQACSYA==":"how-to-do-digital-marketing-leadsleap.gif"}